{"cameraMode":{"drawMode":0,"name":"Shaded","section":"Shading Mode"},"sceneLighting":true,"audioPlay":false,"sceneViewState":{"m_AlwaysRefresh":false,"showFog":true,"showSkybox":true,"showFlares":true,"showImageEffects":true,"showParticleSystems":true,"showVisualEffectGraphs":true,"m_FxEnabled":true},"in2DMode":false,"pivot":{"x":1.064073920249939,"y":7.627322673797607,"z":-4.532200813293457},"rotation":{"x":-0.2986343204975128,"y":0.011706595309078694,"z":-0.0037110771518200638,"w":-0.9542076587677002},"size":0.8660253882408142,"orthographic":false}